2915	2023-07-10 00:03:14.048000	2473	0x4469db298996d12EEB659861C8994Cf3766d8d72	2
2916	2023-07-10 00:03:36.467000	2677	0x511636d6EDEB972d08b4cE0988D344c325d52ecb	2
2917	2023-07-10 00:04:06.845000	2822	0xfD8ce909c4BF7cD40953d1AC891d3d6c5Ba85447	2
2918	2023-07-10 00:05:13.709000	2898	0x6bfd7073AEA9232d323bF95Dac4EBf23D1463155	1
2919	2023-07-10 00:05:32.548000	2899	0x52AD2Fac07b64b533d53372e401894f352b4B090	1
2920	2023-07-10 01:05:03.361000	223	0x26022F396fAcaCBE57CdAaDE272ceCE9DfA7Fc91	18
2921	2023-07-10 01:53:19.255000	1517	0xC5586bb8D20101F29724f13C5025EA1B19cafBC1	2
2922	2023-07-10 02:01:48.981000	587	0x6a22a87Fd121f455d59B9B3E4b1a35E209065Da6	5
2923	2023-07-10 02:06:31.604000	1067	0x3CF501557bdb1459638AFc594121B8DD61327c76	5
2924	2023-07-10 02:22:36.410000	341	0xA184FaC4BB8905873067a1A59f7a47aEb4f6D9DA	1
2925	2023-07-10 02:25:02.657000	1405	0x23043C7434f3Af107B1C4F52d565E16f678C5500	2
2926	2023-07-10 02:35:04.468000	338	0xA748E53398935EBF3379320D2210AA664EA2C364	1
2927	2023-07-10 02:37:11.959000	587	0x6a22a87Fd121f455d59B9B3E4b1a35E209065Da6	10
2928	2023-07-10 02:46:02.080000	1518	0xBf7D5cDAba5c58fe76AE3ac62D15F71EBCF512Ec	2
2929	2023-07-10 02:56:29.012000	1210	0xBebbf030102eD97Adc49676B1ec88b4EC2aDc350	2
2930	2023-07-10 03:02:36.846000	255	0xE3aF278CF8c30EcB7cA86AB8cd00B2eA69ac5756	2
2931	2023-07-10 03:16:11.218000	15	0x33C0AebE8adc11d1F68B6763f190Ae18b4635E18	5
2932	2023-07-10 03:27:17.521000	2098	0x7779BD1A363A9C8339B4A22A24ab0609431c736F	28
2933	2023-07-10 03:28:17.373000	2062	0x85fEafD1Dd6102D74Fb937576B23Ff1020490C97	4
2934	2023-07-10 03:35:31.529000	1796	0x1008F78129011818599d8E2535506B12D02Ca2e0	1
2935	2023-07-10 04:02:10.135000	15	0x33C0AebE8adc11d1F68B6763f190Ae18b4635E18	5
2936	2023-07-10 04:02:20.305000	1477	0xF1B030a4c0D3Ad5168Ef1B7bFfa69dB35D777fE6	2
2937	2023-07-10 04:03:09.718000	568	0x7fe2327CB181A0d8BEad944588C2682567Fb41a9	2
2938	2023-07-10 04:03:48.571000	572	0xdA274BEC0aEFa7C8b1FC20cf8b85092B2F598ef8	2
2939	2023-07-10 04:04:17.347000	1194	0xB65D44c0965FEFEBAB6D68dD89408C0C5433921b	2
2940	2023-07-10 04:05:12.195000	1448	0xBd227e0eE1ee4f2f3faF6039876CC8Ea2ed876F7	3
2941	2023-07-10 10:24:17.005000	1514	0x1dB8037F4d7651600e78eA256dEeF179E0b8B2Da	1
2942	2023-07-10 10:40:14.959000	1286	0x20A6FF2f7adeEFF4B2002A3DA711ED74c5b97227	2
2943	2023-07-10 10:46:20.103000	2304	0x15048f6d24740E1169db76fFd0F84cC27Bb534b9	2
2944	2023-07-10 10:54:16.086000	2748	0x316070258472D4d22e7e1D2624DCd040a86a2F76	1
2945	2023-07-10 10:55:48.159000	3137	0x3348333297D0A5bB66D8039C6E22A748f1e1642a	1
2946	2023-07-10 11:06:47.539000	2789	0x3fbc61B95da440Ec9737d883d661B7c4DECBF540	4
2947	2023-07-10 11:07:29.200000	169	0xd9ede1545a8BF9fA25A7A95188eD4b17Ca7627D7	8
2948	2023-07-10 11:24:07.675000	1427	0x54b3Cc91983Ab2bB9293718c8fA6C1076A2c4a59	6
2949	2023-07-10 11:24:18.780000	805	0xDF31fa1f27f72e1B27bf8126B13203F588BA58dB	12
2950	2023-07-10 11:26:43.870000	2813	0xDdA5a4991Fb04F6adefB2d1f902E3ec09209B785	1
2951	2023-07-10 11:28:27.250000	3214	0x578D907946095d31b0d65f907f9c9b2f943c17E7	1
2952	2023-07-10 11:30:33.410000	3142	0xd750E51d81535A6ae7118Eb4430C138fFffa4B29	1
2953	2023-07-10 11:30:50.797000	794	0x92C3B824f08F2fC046D573803f8e170C1A381Dff	10
2954	2023-07-10 11:32:24.918000	2553	0x9d5d8A5dE512860d95FF76b878854A479a0E18Ac	4
2955	2023-07-10 11:32:31.049000	3203	0xA7Ef0A1874Cb8c3585Fd02Fcc89f5B2991dA4a1f	1
2956	2023-07-10 11:33:18.283000	2888	0x3Bfbf714539D90b6c930F769b851992DE3e9CF32	2
2957	2023-07-10 11:35:09.507000	3064	0xf28DB5374e1b4e0c38a857b4E820Bf213f0B3427	1
2958	2023-07-10 11:38:32.182000	2875	0x885c703d3BEda3f420D1D62b9729AB133DC541f5	9
2959	2023-07-10 11:43:40.806000	552	0xea775C29965A4f1Cf581eaCE8a2D0595e19B9171	24
2960	2023-07-10 11:48:18.123000	1388	0xE15A80D9A58E65D6CEa46e6f71656138ff704535	5
2961	2023-07-10 11:52:09.854000	2915	0x08F31159D039c811037c8519B2FF3f73a7CC9F6e	3
2962	2023-07-10 11:56:08.142000	881	0x4505593E0D56d396618A0156AC74660819EEeC60	14
2963	2023-07-10 11:58:44.670000	3168	0xF75bD6E5409DeE994B54C5C8490d268bAb32EdA5	2
2964	2023-07-10 11:59:30.960000	2815	0x22c3bd8Af3Ed391A39ab0414106a68cf590Eb5d2	1
2965	2023-07-10 12:01:42.206000	55	0x9791c690Ee06193a8bD404c2B2f4EbFd3EBcef11	1
2966	2023-07-10 12:02:05.055000	2918	0x42A1c9DB7E4874d016406Ffdd645C2e870263c26	1
2967	2023-07-10 12:19:48.217000	2840	0x9CeaAa5174C4a0075E3d302b373f8c9dade1Ba16	3
2968	2023-07-10 12:23:48.864000	161	0xE03dad797a40Ec321B89F58282905c7833e965D0	10
2969	2023-07-10 12:26:02.737000	3159	0x90090B645594769E5963AA1c6dAC2E2F35d79049	2
2970	2023-07-10 12:31:45.246000	698	0xBB32ce5DeEec8ab0E6dacF02C3D13bE8F5c645F7	40
2971	2023-07-10 12:31:52.319000	1317	0x34c8028eF5192e86caccA52fb4E27e40F1F89d18	12
2972	2023-07-10 12:37:23.783000	913	0x7A3a2de01925679c77970Ca1bB0bA397113475c2	2
2973	2023-07-10 12:41:24.357000	700	0x5dda2871602726653ad9A8935A524fa9DB8E70d4	30
2974	2023-07-10 12:46:03.497000	1453	0xA08a3587638C9Ea6527799310aEA3c39F9FE39D2	2
2975	2023-07-10 12:49:03.372000	1588	0x77A1d772f18B082F24BCAe52C04C48008eC244D6	2
2976	2023-07-10 12:49:07.335000	1161	0x4344b3d120310E5f5Ed68b5ab5f9977da48f1E35	1
2977	2023-07-10 12:49:14.416000	1161	0x4344b3d120310E5f5Ed68b5ab5f9977da48f1E35	1
2978	2023-07-10 12:49:20.912000	1161	0x4344b3d120310E5f5Ed68b5ab5f9977da48f1E35	1
2979	2023-07-10 12:49:25.520000	1161	0x4344b3d120310E5f5Ed68b5ab5f9977da48f1E35	1
2980	2023-07-10 12:49:30.297000	1161	0x4344b3d120310E5f5Ed68b5ab5f9977da48f1E35	1
2981	2023-07-10 12:49:34.655000	1161	0x4344b3d120310E5f5Ed68b5ab5f9977da48f1E35	1
2982	2023-07-10 12:50:49.974000	1204	0xB81036F8E58C659d8A3Bfb3f924FA0652c8b9b95	2
2983	2023-07-10 12:51:04.080000	1209	0xF114Ec52E826b5801A8fEB2AeACEbC106dbE38A4	2
2984	2023-07-10 12:51:41.316000	2469	0xD5d01DBcd88bE9A86c93B6d65A6f368dE236Ae33	2
2985	2023-07-10 12:52:22.429000	360	0x4A0678F139cda9b9aa4550Ba9D031C86876DB583	2
2986	2023-07-10 12:53:41.509000	2911	0xB0B98abda8a70920C30F981C1C50c72a5b1CC4FF	3
2987	2023-07-10 12:53:44.793000	359	0xb68372D81084287d5579834e0c6ec5172dA48299	2
2988	2023-07-10 12:54:01.131000	2657	0x4e365b66BFFd48be5161237f31CfD81CEEeb0585	24
2989	2023-07-10 12:54:26.485000	2828	0x5795691dE27eFff789B6f4a6a16e19513f17e817	8
2990	2023-07-10 12:54:34.125000	830	0xef6B2f9b1E8ecd4099209e4D7189fb6b1D22f1F6	32
2991	2023-07-10 12:54:56.942000	8	0xab391dAa609B774aad5ab6C7d68236E04179D3e2	22
2992	2023-07-10 12:55:29.929000	1568	0xF9199b40925E38a4Dd9d4b138e2540adAe7a0F76	2
2993	2023-07-10 12:56:09.261000	1551	0xB5436D493F5Ca79b11d13725502EdbF014B4F27B	9
2994	2023-07-10 12:56:47.185000	203	0x55F1010dcFeD2D784079aA94ee546823234987bf	10
2995	2023-07-10 12:57:01.420000	2332	0x95E1b6CcFE24725C8BE609c22cA73E2BF46Eaf38	7
2996	2023-07-10 12:57:09.067000	2811	0x784d73192E701eaE8561Bd690f059b86E39B8e11	3
2997	2023-07-10 12:57:47.524000	118	0x64e64B741C44976151c2378dBb0CCD6fDbc06ceF	36
2998	2023-07-10 12:58:17.028000	1708	0x459a25A776E60d30bf09Fa283f38FB4bc56f31D8	10
2999	2023-07-10 12:59:15.468000	3186	0x5A71a81dc17741537aD49bf21fbecDc02fd5E91F	8
3000	2023-07-10 12:59:52.702000	2858	0x841FdBf6361Ff63F9047F31998e02e7458e8009c	6
3001	2023-07-10 12:59:57.439000	1276	0xe71F1BAb4DbD656c8D6ad7F7a9c897dA1a83b7EE	4
3002	2023-07-10 12:59:58.804000	1464	0x3DDdbEF9dCecb80d7CA4B878bC9aaE309A971Aaf	5
3003	2023-07-10 13:00:45.345000	3052	0xb8d9Ed434AD12528FB858db38cBCDd8CcF436C4A	10
3004	2023-07-10 13:01:56.620000	2894	0x3e443Fa94bA7f2C055A92d46542C91A0bf87d54d	2
3005	2023-07-10 13:02:31.031000	2920	0xB3B199B174F47111dfbC4b4aED103D66b1efCdAf	8
3006	2023-07-10 13:03:17.619000	3228	0xC554Af1438C85E611c74661484f60b3Ed636d35d	3
3007	2023-07-10 13:03:51.562000	710	0xAb07cD89146EbbF4B37321740147BbE22E2E425a	6
3008	2023-07-10 13:04:15.563000	2862	0x783749a3888dBBfcD3f64aAb9c6dCa13F7d171A2	8
3009	2023-07-10 13:04:32.572000	1067	0x3CF501557bdb1459638AFc594121B8DD61327c76	5
3010	2023-07-10 13:04:36.087000	184	0xF3304FDC7F2AfA571bf881eAF852698701B8E783	66
3011	2023-07-10 13:04:43.191000	120	0x1108305a9a0BbD1643BE54c7a2102A9fa3df20C8	80
3012	2023-07-10 13:04:52.716000	1320	0x467273aB42Cd2780fDaEd637775c6DCaad450dC6	50
3013	2023-07-10 13:05:18.711000	1578	0x4b80Fffe097254Aa3918728a83350F74301C4199	3
3014	2023-07-10 13:05:40.865000	2502	0xf5957abEdD68524b9EE547FBDb86cf4Cd5a3dF9B	1
3015	2023-07-10 13:05:48.774000	2502	0xf5957abEdD68524b9EE547FBDb86cf4Cd5a3dF9B	1
3016	2023-07-10 13:05:49.706000	149	0x81e67106bE29B2625a837D5AAbe82cd75d14ba09	5
3017	2023-07-10 13:05:57.971000	2502	0xf5957abEdD68524b9EE547FBDb86cf4Cd5a3dF9B	1
3018	2023-07-10 13:05:58.202000	294	0x02A9e61fec7c34ebFc88336F9B5F2BcDbDca4f5c	22
3019	2023-07-10 13:06:07.389000	2502	0xf5957abEdD68524b9EE547FBDb86cf4Cd5a3dF9B	1
3020	2023-07-10 13:06:20.206000	2502	0xf5957abEdD68524b9EE547FBDb86cf4Cd5a3dF9B	1
3021	2023-07-10 13:06:24.349000	1177	0x0eb3c70180694D5E74fCBB92374c4b9d289f8C4D	20
3022	2023-07-10 13:06:27.475000	15	0x33C0AebE8adc11d1F68B6763f190Ae18b4635E18	12
3023	2023-07-10 13:06:38.759000	108	0x18074B0F5b685A61BE26dC53F15653EE8BF9adEF	5
3024	2023-07-10 13:06:46.381000	223	0x26022F396fAcaCBE57CdAaDE272ceCE9DfA7Fc91	28
3025	2023-07-10 13:07:25.149000	3225	0x889B3a6af4Fb274960d8e6FAcCA97e71F502D3d5	6
3026	2023-07-10 13:08:15.844000	886	0x8a6fDd4df7b90F1dff2eF043E011aD251a965DBD	34
3027	2023-07-10 13:09:22.525000	2954	0x1c4a658b1eE2f34056C5fa535C95E40E370e09d7	1
3028	2023-07-10 13:13:37.729000	21	0x0F67af793937c499444a697Fce5E4ED27C548731	96
3029	2023-07-10 13:15:07.973000	1296	0x75468D3e329619743257253106d58918A93dbe1D	12
3030	2023-07-10 13:15:17.268000	806	0x8D4D08dB5fF149657dE5fedBdfe2b84b81Be573A	12
3031	2023-07-10 13:38:33.978000	9	0x5eACCAf4011DAA1b021aca1ECa14C6628A349953	10
3032	2023-07-10 13:57:43.278000	2502	0xf5957abEdD68524b9EE547FBDb86cf4Cd5a3dF9B	1
3033	2023-07-10 13:57:50.445000	2502	0xf5957abEdD68524b9EE547FBDb86cf4Cd5a3dF9B	1
3034	2023-07-10 13:57:58.438000	2502	0xf5957abEdD68524b9EE547FBDb86cf4Cd5a3dF9B	1
3035	2023-07-10 13:58:05.653000	2502	0xf5957abEdD68524b9EE547FBDb86cf4Cd5a3dF9B	1
3036	2023-07-10 13:58:51.985000	2502	0xf5957abEdD68524b9EE547FBDb86cf4Cd5a3dF9B	1
3037	2023-07-10 14:07:37.291000	2113	0x58b4003236c20c9B0208194604cC34129507DE5C	12
3038	2023-07-10 16:26:56.585000	3049	0xff12EA3B7D729452Ca7D0E0B043A3952C13238d4	3
3039	2023-07-10 17:54:17.725000	27	0xBd9Dc3bB59e33de987Df5e7bD05348cB5feF73Bf	6
3040	2023-07-10 19:14:33.272000	1340	0xE91c0EAF4a79D8072BaD587bF42f9cA7F08d48C4	1
3041	2023-07-10 19:15:02.203000	1455	0xA5c551464A94DE8D60e1d1f733b55884bdd32b21	1
3042	2023-07-10 21:15:21.481000	3037	0xD27126B0AD33799098e29037b4350CfE9bf6F5d8	9