id	created	userId	walletAddress	usedRaffleCount
790	2023-06-26 01:17:53.760000	1210	0xBebbf030102eD97Adc49676B1ec88b4EC2aDc350	1
791	2023-06-26 01:24:41.408000	1526	0xdF2e08764e837782B2f4996377Db7d8BE1718DD1	3
792	2023-06-26 01:32:01.154000	1872	0xBbDA302E8af2C425664B57dc0a8a5db25F13Da1d	1
793	2023-06-26 01:41:51.236000	1526	0xdF2e08764e837782B2f4996377Db7d8BE1718DD1	1
794	2023-06-26 01:43:47.623000	1713	0xcA3066E3DA262CB2eAA75a8DB167B2664a57dC19	1
795	2023-06-26 01:47:50.030000	1604	0x088c98007153d744CfF5D507f06a737B5919d881	1
796	2023-06-26 01:49:58.227000	1874	0x24CdFD55f4eD75a82FFf1F3085B520e1706A4BAb	1
797	2023-06-26 02:20:53.594000	1405	0x23043C7434f3Af107B1C4F52d565E16f678C5500	1
798	2023-06-26 02:21:21.574000	1875	0x193d9E544bA2538b258EeedF94a94280090F9F1F	1
799	2023-06-26 02:28:40.932000	2098	0x7779BD1A363A9C8339B4A22A24ab0609431c736F	2
800	2023-06-26 02:29:22.599000	1517	0xC5586bb8D20101F29724f13C5025EA1B19cafBC1	1
801	2023-06-26 02:48:57.693000	1881	0x8601fFDB28B8fe9E282F5cCC8950955cdd8C60c7	1
802	2023-06-26 02:54:07.431000	2062	0x85fEafD1Dd6102D74Fb937576B23Ff1020490C97	2
803	2023-06-26 03:02:40.312000	1714	0xC2974774784708a0Fea116117886194752c4e76c	1
804	2023-06-26 03:04:16.415000	357	0xaA0CD688DF3bB2e501165cFF07c9dCE683dE0b88	1
805	2023-06-26 03:06:21.431000	255	0xE3aF278CF8c30EcB7cA86AB8cd00B2eA69ac5756	1
806	2023-06-26 03:06:41.437000	1882	0x5d08c97457483882f3DAd27f7Be0116215E79646	1
807	2023-06-26 03:09:01.373000	1964	0xd9a8a0fb784e689da100e6Ced30444A65026a6fA	1
808	2023-06-26 03:11:36.375000	9	0x5eACCAf4011DAA1b021aca1ECa14C6628A349953	3
809	2023-06-26 03:21:32.767000	1883	0xf1800c77Ab9FcB400B8357d272A069f50d5E496C	1
810	2023-06-26 03:38:09.944000	1884	0xdf7e4Bb36C6e35567c6E9c3a085f8aEB4826778A	1
811	2023-06-26 03:38:35.366000	120	0x1108305a9a0BbD1643BE54c7a2102A9fa3df20C8	6
812	2023-06-26 03:38:41.068000	1796	0x1008F78129011818599d8E2535506B12D02Ca2e0	1
813	2023-06-26 03:55:13.716000	343	0xe99aD4695572bf13F23ADe5F0a5b3D036f8bd923	1
814	2023-06-26 04:06:17.738000	1880	0x5e1FcB9Eb80341A9235fADc8BfF90a984834381D	1
815	2023-06-26 07:55:06.867000	1435	0x4a112E29CE7bc97999CD0337564ccD3716870DDE	2
816	2023-06-26 10:14:01.867000	1877	0xD4e55Bd209F829D5DAE18359E800e770Bb7Fb2DE	1
817	2023-06-26 10:16:09.545000	15	0x33C0AebE8adc11d1F68B6763f190Ae18b4635E18	2
818	2023-06-26 10:22:18.840000	1655	0x802c7A6359ce596Ad1484bF4EBce2523d46424a4	1
819	2023-06-26 10:28:32.302000	700	0x5dda2871602726653ad9A8935A524fa9DB8E70d4	1
820	2023-06-26 10:33:26.853000	1878	0x7f2661c4823bd2548903A25CB4706a7d060237bC	1
821	2023-06-26 10:36:51.549000	169	0xd9ede1545a8BF9fA25A7A95188eD4b17Ca7627D7	1
822	2023-06-26 10:38:00.809000	55	0x9791c690Ee06193a8bD404c2B2f4EbFd3EBcef11	4
823	2023-06-26 10:39:34.399000	42	0x0714b7938905657eb774e94515b2c552d7863C89	3
824	2023-06-26 10:44:25.747000	734	0x16Fb90feEcC263Cbfe559CB0a020c21678B3d6Eb	1
825	2023-06-26 10:46:01.250000	334	0x7777BD9A0dB40450F5afD50022Ac064F7B62bDe9	2
826	2023-06-26 10:47:51.458000	2218	0x9829F2ec14A77C52076c8B9fa3e7B7044519FFc5	1
827	2023-06-26 10:59:19.301000	8	0xab391dAa609B774aad5ab6C7d68236E04179D3e2	2
828	2023-06-26 11:00:53.593000	1270	0xdaF8e9A4bCa72CC6677f141082d269E51AFe363f	2
829	2023-06-26 11:01:27.220000	2220	0x5C96294b9944695F5971e079Ac6910fb276c963f	1
830	2023-06-26 11:02:38.081000	1067	0x3CF501557bdb1459638AFc594121B8DD61327c76	1
831	2023-06-26 11:10:39.772000	1584	0xed18AE6881D9b45a22D0F910edd33cf19Fd41bdB	1
832	2023-06-26 11:11:22.406000	941	0x111c26A02ca4050684D4083d72E2A7C1dCbA853f	2
833	2023-06-26 11:12:06.760000	48	0x7D4C7D652Cf91a59FC625E92bc24B58da065F25d	8
834	2023-06-26 11:15:59.741000	753	0x1CEFF626689D8Da7401A9dCdb34541892eDBFa34	1
835	2023-06-26 11:16:39.315000	698	0xBB32ce5DeEec8ab0E6dacF02C3D13bE8F5c645F7	1
836	2023-06-26 11:19:08.649000	1204	0xB81036F8E58C659d8A3Bfb3f924FA0652c8b9b95	1
837	2023-06-26 11:19:38.345000	1320	0x467273aB42Cd2780fDaEd637775c6DCaad450dC6	2
838	2023-06-26 11:21:49.647000	2221	0x91b833C7a05a8e159Fd3DE4bA13F4A476ab0B059	1
839	2023-06-26 11:26:27.573000	120	0x1108305a9a0BbD1643BE54c7a2102A9fa3df20C8	4
840	2023-06-26 11:28:16.924000	1606	0x05B8f2C349B34C8a041F4eef70B4621E66FB9533	1
841	2023-06-26 11:34:15.223000	2228	0xEC0d1C5E91D1A556D465eC53b5d73Fb91FC46Fab	1
842	2023-06-26 11:37:26.393000	794	0x92C3B824f08F2fC046D573803f8e170C1A381Dff	5
843	2023-06-26 11:39:14.960000	21	0x0F67af793937c499444a697Fce5E4ED27C548731	10
844	2023-06-26 11:39:19.034000	23	0x3bF88784E9890A83b368adbFf294f6Bd542544a8	15
845	2023-06-26 11:41:37.958000	294	0x02A9e61fec7c34ebFc88336F9B5F2BcDbDca4f5c	3
846	2023-06-26 11:51:20.496000	759	0xb9712fe165A29F4a71E14A677d6D0a5a75E46a3f	1
847	2023-06-26 11:56:51.508000	2232	0x4060173B59595b5fd52C0acC1cC89eFC13D82555	1
848	2023-06-26 12:01:59.604000	1	0x860488D4a93944868252a00a57dE241c0D69fbd8	4
849	2023-06-26 12:16:39.203000	1136	0x871DB867AE81508839035b6e9984a57fcDbec429	1
850	2023-06-26 12:19:07.880000	453	0x5D71db35D4054D912C5b1e72aedD28EEAc0A606A	2
851	2023-06-26 12:25:27.443000	552	0xea775C29965A4f1Cf581eaCE8a2D0595e19B9171	8
852	2023-06-26 12:30:21.915000	1205	0xfc00291eBABe4571bEBbDB154A25BAfB4f942343	1
853	2023-06-26 12:42:39.722000	1220	0x04334E35573C6a3d3B5aa2cCf783024cf45c5Dc3	1
854	2023-06-26 12:45:27.387000	805	0xDF31fa1f27f72e1B27bf8126B13203F588BA58dB	2
855	2023-06-26 12:45:44.153000	1477	0xF1B030a4c0D3Ad5168Ef1B7bFfa69dB35D777fE6	2
856	2023-06-26 12:46:56.550000	1349	0xd4ee6943bE70Df943D311d696A7F39CB94aDAAAF	1
857	2023-06-26 12:47:35.164000	572	0xdA274BEC0aEFa7C8b1FC20cf8b85092B2F598ef8	1
858	2023-06-26 12:47:46.107000	1453	0xA08a3587638C9Ea6527799310aEA3c39F9FE39D2	1
859	2023-06-26 12:48:14.936000	1194	0xB65D44c0965FEFEBAB6D68dD89408C0C5433921b	1
860	2023-06-26 12:50:17.406000	360	0x4A0678F139cda9b9aa4550Ba9D031C86876DB583	1
861	2023-06-26 12:50:22.070000	710	0xAb07cD89146EbbF4B37321740147BbE22E2E425a	1
862	2023-06-26 12:50:38.191000	881	0x4505593E0D56d396618A0156AC74660819EEeC60	4
863	2023-06-26 12:51:35.740000	1568	0xF9199b40925E38a4Dd9d4b138e2540adAe7a0F76	1
864	2023-06-26 12:52:31.050000	1588	0x77A1d772f18B082F24BCAe52C04C48008eC244D6	1
865	2023-06-26 12:53:04.726000	1565	0x0938548005B2a89e5F192e0EFC815ea63e6D99fE	1
866	2023-06-26 12:53:25.625000	2237	0xed4b48a55C6ACA8C21A2536FcC48D34CB435EF64	1
867	2023-06-26 12:53:44.345000	362	0x1Ca6ba0edA11BbC16063A05d2B3fDD721Af8efdF	1
868	2023-06-26 13:03:05.851000	587	0x6a22a87Fd121f455d59B9B3E4b1a35E209065Da6	2
869	2023-06-26 13:03:33.024000	224	0x367606534e3A439288cBa9091fe41357F92682Fe	1
870	2023-06-26 13:03:39.141000	224	0x367606534e3A439288cBa9091fe41357F92682Fe	1
871	2023-06-26 13:03:45.451000	224	0x367606534e3A439288cBa9091fe41357F92682Fe	1
872	2023-06-26 13:03:52.427000	224	0x367606534e3A439288cBa9091fe41357F92682Fe	1
873	2023-06-26 13:03:59.132000	184	0xF3304FDC7F2AfA571bf881eAF852698701B8E783	1
874	2023-06-26 13:04:23.719000	224	0x367606534e3A439288cBa9091fe41357F92682Fe	3
875	2023-06-26 13:05:00.138000	1721	0xF47685A056A10E6C8CBecd105053c26828c8E80b	1
876	2023-06-26 13:06:25.166000	1087	0x355C1Cf73c2c1D0193B0Dac92863D5F254A3E83D	2
877	2023-06-26 13:08:49.680000	657	0xb3c62900E46A9dD63827506562982a739E1bD1d2	14
878	2023-06-26 13:09:54.483000	1309	0x5c723071768A5b407679FfE39aF8ebDfaDD391e8	10
879	2023-06-26 13:13:46.643000	2447	0x0bf17fa58bA8147D3aB15a4655fBCAe627Cf6d23	3
880	2023-06-26 13:21:27.955000	1296	0x75468D3e329619743257253106d58918A93dbe1D	3
881	2023-06-26 13:24:53.803000	1474	0x82878Df342581e781179C9b48433B6b7f5104c4D	1
882	2023-06-26 13:25:32.982000	1462	0xA55325a1f8ce8Fdaf237d0314f6Dd5fFD27409EC	1
883	2023-06-26 13:25:58.918000	252	0x12bdEF535d714E38987C7E6970a2940D11AdDa93	14
884	2023-06-26 13:27:18.662000	1478	0x9DA9A8d8C0dFFdAF548aCD8A5C13Ad3aC456d695	1
885	2023-06-26 13:27:39.599000	1286	0x20A6FF2f7adeEFF4B2002A3DA711ED74c5b97227	1
886	2023-06-26 13:33:54.107000	35	0x5788647E766EadaaBE8dC05cB2a898cc93b6e210	1
887	2023-06-26 14:39:40.895000	118	0x64e64B741C44976151c2378dBb0CCD6fDbc06ceF	14